<beans xmlns="http://www.springframework.org/schema/beans"
	xmlns:xsi="http://www.w3.org/2001/XMLSchema-instance" xmlns:mvc="http://www.springframework.org/schema/mvc"
	xmlns:context="http://www.springframework.org/schema/context"
	xmlns:aop="http://www.springframework.org/schema/aop" xmlns:tx="http://www.springframework.org/schema/tx"
	xsi:schemaLocation="http://www.springframework.org/schema/beans 
		http://www.springframework.org/schema/beans/spring-beans-3.2.xsd 
		http://www.springframework.org/schema/mvc 
		http://www.springframework.org/schema/mvc/spring-mvc-3.2.xsd 
		http://www.springframework.org/schema/context 
		http://www.springframework.org/schema/context/spring-context-3.2.xsd 
		http://www.springframework.org/schema/aop 
		http://www.springframework.org/schema/aop/spring-aop-3.2.xsd 
		http://www.springframework.org/schema/tx 
		http://www.springframework.org/schema/tx/spring-tx-3.2.xsd ">

<!-- 事务管理器 -->
<!-- ***************************************************************************** -->
<!-- 加载dbconfig。properties的内容 其中的key命名需要尊需一定的规则 -->
<context:property-placeholder location="classpath:dbconfig.properties"/>
<!-- ***************************************************************************** -->
<!-- 配置数据源 dbcp 连接池 -->
<!-- 数据库连接池 -->
<bean id="dataSource" class="org.apache.commons.dbcp2.BasicDataSource" destroy-method="close">
       <property name="driverClassName" value="${jdbc.driver}"/>
		<property name="url" value="${jdbc.url}"/>
		<property name="username" value="${jdbc.username}"/>
		<property name="password" value="${jdbc.password}"/>
		<property name="maxTotal" value="30"/>
		<property name="maxIdle" value="5"/>
</bean>	
<!-- ***************************************************************************** -->
<!-- sqlSessionFactory  
让spring管理sqlsessionFactory 使用mybaitis和spring 封装包中的 工厂-->
<bean id="sqlSessionFactory" class="org.mybatis.spring.SqlSessionFactoryBean">
	<!-- 数据库连接池 -->
	<property name="dataSource" ref="dataSource"/>
	<!-- 加载mybatis的全局配置文件 -->
	<property name="configLocation" value="classpath:mybatis/SqlMapConfig.xml" />
</bean>
<!-- ***************************************************************************** -->
<!-- mapper扫描器 -->
<bean class="org.mybatis.spring.mapper.MapperScannerConfigurer">
	<!-- 扫描包路径  如果需要多个包  中间使用逗号隔开  -->
	<property name="basePackage" value="com.ssm.mapper"/>
	<property name="sqlSessionFactoryBeanName" value="sqlSessionFactory"/>
</bean>
<!-- ***************************************************************************** -->


</beans>