<beans xmlns="http://www.springframework.org/schema/beans"
	xmlns:xsi="http://www.w3.org/2001/XMLSchema-instance" xmlns:mvc="http://www.springframework.org/schema/mvc"
	xmlns:context="http://www.springframework.org/schema/context"
	xmlns:aop="http://www.springframework.org/schema/aop" xmlns:tx="http://www.springframework.org/schema/tx"
	xsi:schemaLocation="http://www.springframework.org/schema/beans 
		http://www.springframework.org/schema/beans/spring-beans-3.2.xsd 
		http://www.springframework.org/schema/mvc 
		http://www.springframework.org/schema/mvc/spring-mvc-3.2.xsd 
		http://www.springframework.org/schema/context 
		http://www.springframework.org/schema/context/spring-context-3.2.xsd 
		http://www.springframework.org/schema/aop 
		http://www.springframework.org/schema/aop/spring-aop-3.2.xsd 
		http://www.springframework.org/schema/tx 
		http://www.springframework.org/schema/tx/spring-tx-3.2.xsd ">
<!-- 定义一个事务管理器 
对mybatis操作数据库的事务控制，spring 使用jdbc的事务控制类-->
	<bean id="transactionManager" class="org.springframework.jdbc.datasource.DataSourceTransactionManager">
		<!-- c操作数据库 所以配置数据源 
		其中DataSource在application-dao。xml中配置过了
		-->
		<property name="dataSource" ref="dataSource"></property>
	</bean>
	
	<!-- 配置通知 -->
	<tx:advice id="txAdvice" transaction-manager="transactionManager">
		<tx:attributes>
			<!-- 配置传播行为  通知到事务管理器-->
			<tx:method name="save*" propagation="REQUIRED"/>
			<tx:method name="delete*" propagation="REQUIRED"/>
			<tx:method name="insert*" propagation="REQUIRED"/>
			<tx:method name="update*" propagation="REQUIRED"/>
			<tx:method name="find*" propagation="SUPPORTS" read-only="true "/>
			<tx:method name="get*" propagation="SUPPORTS" read-only="true "/>
			<tx:method name="select*" propagation="SUPPORTS" read-only="true "/>
		</tx:attributes>
	</tx:advice>
	
	<!-- aop 执行某service方法 就切面切入  然后通知txAdvice -->
	<aop:config>
		<!-- 切入点  对连接点进行拦截的定义
		通知 指是指拦截到连接点之后要执行的代码，通知分为前置、后置、异常、最终、环绕通知 -->
		<!-- Aspect Oriented Programming -->
		<!--  切 service.impl.所有类的.所有方法(任何参数) -->
		<aop:advisor advice-ref="txAdvice" pointcut="execution(* com.ssm.service.impl.*.*(..))"/>
	</aop:config>
</beans>