<beans xmlns="http://www.springframework.org/schema/beans"
	xmlns:xsi="http://www.w3.org/2001/XMLSchema-instance" xmlns:mvc="http://www.springframework.org/schema/mvc"
	xmlns:context="http://www.springframework.org/schema/context"
	xmlns:aop="http://www.springframework.org/schema/aop" xmlns:tx="http://www.springframework.org/schema/tx"
	xsi:schemaLocation="http://www.springframework.org/schema/beans 
		http://www.springframework.org/schema/beans/spring-beans-3.2.xsd 
		http://www.springframework.org/schema/mvc 
		http://www.springframework.org/schema/mvc/spring-mvc-3.2.xsd 
		http://www.springframework.org/schema/context 
		http://www.springframework.org/schema/context/spring-context-3.2.xsd 
		http://www.springframework.org/schema/aop 
		http://www.springframework.org/schema/aop/spring-aop-3.2.xsd 
		http://www.springframework.org/schema/tx 
		http://www.springframework.org/schema/tx/spring-tx-3.2.xsd ">
		
<!-- ********************************************************************************* -->

<!-- 可以扫描controller service  此处指定controller 包-->
<context:component-scan base-package="com.ssm.controller"></context:component-scan>

<!-- ********************************************************************************* -->
<!-- 此处配置  处理器映射器 handlerMapping
此映射器为 将bean的name作为url进行查找  :为非注解处理器映射器
需要在配置Handler时指定beanname 也就是url
-->
<bean class="org.springframework.web.servlet.handler.BeanNameUrlHandlerMapping" />

<!-- ********************************************************************************* -->

<!-- 注解映射器适配器成套使用 -->
<!--注解映射器 -->
<!-- <bean class="org.springframework.web.servlet.mvc.method.annotation.RequestMappingHandlerMapping"/> -->
<!--注解适配器 -->
<!-- <bean class="org.springframework.web.servlet.mvc.method.annotation.RequestMappingHandlerAdapter"/> -->

<mvc:annotation-driven conversion-service="conversionService"></mvc:annotation-driven>

<!-- 使用MVC annotation-driven 代替上边注解映射器 适配器的配置 
 这个东西  默认加载了很多的参数绑定方法
 比如json转换解析器就默认加载   如果使用annotation-driven 不用配置以上的
 两个注解映射器和适配器 实际开发时候使用mvc annotation driven
 -->

<!-- ********************************************************************************* -->

<!-- 视图解析器 
解析jsp视图 jstl包 默认使用jstl标签classpath需要有jstl包存在
-->
<bean class="org.springframework.web.servlet.view.InternalResourceViewResolver">
	<property name="prefix" value="/WEB-INF/jsp/"></property>
	<property name="suffix" value=".jsp"></property>
</bean>

<!-- ********************************************************************************* -->
<!-- 自定义参数绑定 -->
<bean id="conversionService" class="org.springframework.format.support.FormattingConversionServiceFactoryBean">
	<!-- 在其中可以自定义自己写的参数绑定 -->
	<property name="converters">
		<list>
			<!-- 自定义的日期类型转换器 -->
			<bean class="com.ssm.controller.converter.CustomDateConverter"/>
		</list>
	</property>
</bean>


</beans>