<?xml version="1.0" encoding="UTF-8" ?>
<!DOCTYPE mapper PUBLIC "-//mybatis.org//DTD Mapper 3.0//EN" "http://mybatis.org/dtd/mybatis-3-mapper.dtd" >
<mapper namespace="com.base.file.mapper.BaseFileBeanSubMapper" >
  <resultMap id="BaseResultMap" type="com.jfinal.db.bean.file.BaseFileBean" >
    <id column="id" property="id" jdbcType="VARCHAR" />
    <result column="tableName" property="tableName" jdbcType="VARCHAR" />
    <result column="absFilePath" property="absFilePath" jdbcType="VARCHAR" />
    <result column="urlFilePath" property="urlFilePath" jdbcType="VARCHAR" />
    <result column="name" property="name" jdbcType="VARCHAR" />
    <result column="filePath" property="filePath" jdbcType="VARCHAR" />
    <result column="size" property="size" jdbcType="BIGINT" />
    <result column="fileServerId" property="fileServerId" jdbcType="VARCHAR" />
    <result column="createUser" property="createUser" jdbcType="VARCHAR" />
    <result column="createDate" property="createDate" jdbcType="TIMESTAMP" />
    <result column="updateUser" property="updateUser" jdbcType="VARCHAR" />
    <result column="updateDate" property="updateDate" jdbcType="TIMESTAMP" />
    <result column="deleteFlag" property="deleteFlag" jdbcType="BIT" />
  </resultMap>
  <sql id="Base_Column_List" >
    id, name, filePath, size, fileServerId, createUser, createDate, updateUser, updateDate, 
    deleteFlag
  </sql>
  <insert id="insert" parameterType="com.jfinal.db.bean.file.BaseFileBean" >
    insert into ${tableName} (id, name, filePath, 
      size, fileServerId, createUser, 
      createDate, updateUser, updateDate, 
      deleteFlag)
    values (#{id,jdbcType=VARCHAR}, #{name,jdbcType=VARCHAR}, #{filePath,jdbcType=VARCHAR}, 
      #{size,jdbcType=BIGINT}, #{fileServerId,jdbcType=VARCHAR}, #{createUser,jdbcType=VARCHAR}, 
      #{createDate,jdbcType=TIMESTAMP}, #{updateUser,jdbcType=VARCHAR}, #{updateDate,jdbcType=TIMESTAMP}, 
      #{deleteFlag,jdbcType=BIT})
  </insert>
  <insert id="insertSelective" parameterType="com.jfinal.db.bean.file.BaseFileBean" >
    insert into ${tableName}
    <trim prefix="(" suffix=")" suffixOverrides="," >
      <if test="id != null" >
        id,
      </if>
      <if test="name != null" >
        name,
      </if>
      <if test="filePath != null" >
        filePath,
      </if>
      <if test="size != null" >
        size,
      </if>
      <if test="fileServerId != null" >
        fileServerId,
      </if>
      <if test="createUser != null" >
        createUser,
      </if>
      <if test="createDate != null" >
        createDate,
      </if>
      <if test="updateUser != null" >
        updateUser,
      </if>
      <if test="updateDate != null" >
        updateDate,
      </if>
      <if test="deleteFlag != null" >
        deleteFlag,
      </if>
    </trim>
    <trim prefix="values (" suffix=")" suffixOverrides="," >
      <if test="id != null" >
        #{id,jdbcType=VARCHAR},
      </if>
      <if test="name != null" >
        #{name,jdbcType=VARCHAR},
      </if>
      <if test="filePath != null" >
        #{filePath,jdbcType=VARCHAR},
      </if>
      <if test="size != null" >
        #{size,jdbcType=BIGINT},
      </if>
      <if test="fileServerId != null" >
        #{fileServerId,jdbcType=VARCHAR},
      </if>
      <if test="createUser != null" >
        #{createUser,jdbcType=VARCHAR},
      </if>
      <if test="createDate != null" >
        #{createDate,jdbcType=TIMESTAMP},
      </if>
      <if test="updateUser != null" >
        #{updateUser,jdbcType=VARCHAR},
      </if>
      <if test="updateDate != null" >
        #{updateDate,jdbcType=TIMESTAMP},
      </if>
      <if test="deleteFlag != null" >
        #{deleteFlag,jdbcType=BIT},
      </if>
    </trim>
  </insert>
  <update id="updateByPrimaryKeySelective" parameterType="com.jfinal.db.bean.file.BaseFileBean" >
    update ${tableName}
    <set >
      <if test="name != null" >
        name = #{name,jdbcType=VARCHAR},
      </if>
      <if test="filePath != null" >
        filePath = #{filePath,jdbcType=VARCHAR},
      </if>
      <if test="size != null" >
        size = #{size,jdbcType=BIGINT},
      </if>
      <if test="fileServerId != null" >
        fileServerId = #{fileServerId,jdbcType=VARCHAR},
      </if>
      <if test="createUser != null" >
        createUser = #{createUser,jdbcType=VARCHAR},
      </if>
      <if test="createDate != null" >
        createDate = #{createDate,jdbcType=TIMESTAMP},
      </if>
      <if test="updateUser != null" >
        updateUser = #{updateUser,jdbcType=VARCHAR},
      </if>
      <if test="updateDate != null" >
        updateDate = #{updateDate,jdbcType=TIMESTAMP},
      </if>
      <if test="deleteFlag != null" >
        deleteFlag = #{deleteFlag,jdbcType=BIT},
      </if>
    </set>
    where id = #{id,jdbcType=VARCHAR}
  </update>
  <update id="updateByPrimaryKey" parameterType="com.jfinal.db.bean.file.BaseFileBean" >
    update ${tableName}
    set name = #{name,jdbcType=VARCHAR},
      filePath = #{filePath,jdbcType=VARCHAR},
      size = #{size,jdbcType=BIGINT},
      fileServerId = #{fileServerId,jdbcType=VARCHAR},
      createUser = #{createUser,jdbcType=VARCHAR},
      createDate = #{createDate,jdbcType=TIMESTAMP},
      updateUser = #{updateUser,jdbcType=VARCHAR},
      updateDate = #{updateDate,jdbcType=TIMESTAMP},
      deleteFlag = #{deleteFlag,jdbcType=BIT}
    where id = #{id,jdbcType=VARCHAR}
  </update>
  <select id="selectOne" resultMap="BaseResultMap" parameterType="com.jfinal.db.bean.file.BaseFileBean" >
    select f.id, f.name, f.filePath, f.size, f.fileServerId, 
    	f.createUser, f.createDate, f.updateUser, f.updateDate, f.deleteFlag,
    	concat(si.rootPath,f.filePath) as absFilePath, concat(si.fileServerUrl,f.filePath) as urlFilePath
    from ${tableName} f
    	left join system_server_info si on si.code=f.fileServerId
    where f.id = #{id,jdbcType=VARCHAR}
  </select>
  <delete id="deleteOne" parameterType="com.jfinal.db.bean.file.BaseFileBean" >
    delete from ${tableName}
    where id = #{id,jdbcType=VARCHAR}
  </delete>
  
  
  <select id="selectByCode" resultMap="BaseResultMap" parameterType="java.lang.String" >
    select 
    <include refid="Base_Column_List" />
    from ixt_server_info
    where code = #{code,jdbcType=VARCHAR}
  </select>
  
</mapper>