<?xml version="1.0" encoding="UTF-8" ?>
<!DOCTYPE mapper PUBLIC "-//mybatis.org//DTD Mapper 3.0//EN" "http://mybatis.org/dtd/mybatis-3-mapper.dtd" >
<mapper namespace="com.base.file.mapper.ServerInfoSubMapper" >
  <resultMap id="BaseResultMap" type="com.jfinal.star.file.bean.ServerInfo" >
    <id column="id" property="id" jdbcType="VARCHAR" />
    <result column="code" property="code" jdbcType="VARCHAR" />
    <result column="rootPath" property="rootPath" jdbcType="VARCHAR" />
    <result column="name" property="name" jdbcType="VARCHAR" />
    <result column="fileServerIP" property="fileServerIP" jdbcType="VARCHAR" />
    <result column="fileServerUrl" property="fileServerUrl" jdbcType="VARCHAR" />
    <result column="remark" property="remark" jdbcType="VARCHAR" />
    <result column="createUser" property="createUser" jdbcType="VARCHAR" />
    <result column="createDate" property="createDate" jdbcType="TIMESTAMP" />
    <result column="updateUser" property="updateUser" jdbcType="VARCHAR" />
    <result column="updateDate" property="updateDate" jdbcType="TIMESTAMP" />
    <result column="deleteFlag" property="deleteFlag" jdbcType="BIT" />
  </resultMap>
  <sql id="Base_Column_List" >
    id, code, rootPath, name, fileServerIP, fileServerUrl, remark, createUser, createDate, 
    updateUser, updateDate, deleteFlag
  </sql>
  
  <select id="selectOneByCode" resultMap="BaseResultMap" parameterType="java.util.Map" >
    select * from ${tableName} where code = #{code,jdbcType=VARCHAR}
  </select>
</mapper>