<?xml version="1.0" encoding="UTF-8" ?>
<!DOCTYPE mapper PUBLIC "-//mybatis.org//DTD Mapper 3.0//EN" "http://mybatis.org/dtd/mybatis-3-mapper.dtd" >
<mapper namespace="com.edu.sys.bean.mapper.NotificationMapper" >
  <resultMap id="BaseResultMap" type="com.edu.sys.bean.Notification" >
    <id column="id" property="id" jdbcType="VARCHAR" />
    <result column="userId" property="userId" jdbcType="VARCHAR" />
    <result column="message" property="message" jdbcType="VARCHAR" />
    <result column="openFlag" property="openFlag" jdbcType="BIT" />
    <result column="createUser" property="createUser" jdbcType="VARCHAR" />
    <result column="createDate" property="createDate" jdbcType="TIMESTAMP" />
    <result column="updateUser" property="updateUser" jdbcType="VARCHAR" />
    <result column="updateDate" property="updateDate" jdbcType="TIMESTAMP" />
    <result column="deleteFlag" property="deleteFlag" jdbcType="BIT" />
  </resultMap>
  <sql id="Base_Column_List" >
    id, userId, message, openFlag, createUser, createDate, updateUser, updateDate, deleteFlag
  </sql>
  <select id="selectByPrimaryKey" resultMap="BaseResultMap" parameterType="java.lang.String" >
    select 
    <include refid="Base_Column_List" />
    from system_notification
    where id = #{id,jdbcType=VARCHAR}
  </select>
  <delete id="deleteByPrimaryKey" parameterType="java.lang.String" >
    delete from system_notification
    where id = #{id,jdbcType=VARCHAR}
  </delete>
  <insert id="insert" parameterType="com.edu.sys.bean.Notification" >
    insert into system_notification (id, userId, message, 
      openFlag, createUser, createDate, 
      updateUser, updateDate, deleteFlag
      )
    values (#{id,jdbcType=VARCHAR}, #{userId,jdbcType=VARCHAR}, #{message,jdbcType=VARCHAR}, 
      #{openFlag,jdbcType=BIT}, #{createUser,jdbcType=VARCHAR}, #{createDate,jdbcType=TIMESTAMP}, 
      #{updateUser,jdbcType=VARCHAR}, #{updateDate,jdbcType=TIMESTAMP}, #{deleteFlag,jdbcType=BIT}
      )
  </insert>
  <insert id="insertSelective" parameterType="com.edu.sys.bean.Notification" >
    insert into system_notification
    <trim prefix="(" suffix=")" suffixOverrides="," >
      <if test="id != null" >
        id,
      </if>
      <if test="userId != null" >
        userId,
      </if>
      <if test="message != null" >
        message,
      </if>
      <if test="openFlag != null" >
        openFlag,
      </if>
      <if test="createUser != null" >
        createUser,
      </if>
      <if test="createDate != null" >
        createDate,
      </if>
      <if test="updateUser != null" >
        updateUser,
      </if>
      <if test="updateDate != null" >
        updateDate,
      </if>
      <if test="deleteFlag != null" >
        deleteFlag,
      </if>
    </trim>
    <trim prefix="values (" suffix=")" suffixOverrides="," >
      <if test="id != null" >
        #{id,jdbcType=VARCHAR},
      </if>
      <if test="userId != null" >
        #{userId,jdbcType=VARCHAR},
      </if>
      <if test="message != null" >
        #{message,jdbcType=VARCHAR},
      </if>
      <if test="openFlag != null" >
        #{openFlag,jdbcType=BIT},
      </if>
      <if test="createUser != null" >
        #{createUser,jdbcType=VARCHAR},
      </if>
      <if test="createDate != null" >
        #{createDate,jdbcType=TIMESTAMP},
      </if>
      <if test="updateUser != null" >
        #{updateUser,jdbcType=VARCHAR},
      </if>
      <if test="updateDate != null" >
        #{updateDate,jdbcType=TIMESTAMP},
      </if>
      <if test="deleteFlag != null" >
        #{deleteFlag,jdbcType=BIT},
      </if>
    </trim>
  </insert>
  <update id="updateByPrimaryKeySelective" parameterType="com.edu.sys.bean.Notification" >
    update system_notification
    <set >
      <if test="userId != null" >
        userId = #{userId,jdbcType=VARCHAR},
      </if>
      <if test="message != null" >
        message = #{message,jdbcType=VARCHAR},
      </if>
      <if test="openFlag != null" >
        openFlag = #{openFlag,jdbcType=BIT},
      </if>
      <if test="createUser != null" >
        createUser = #{createUser,jdbcType=VARCHAR},
      </if>
      <if test="createDate != null" >
        createDate = #{createDate,jdbcType=TIMESTAMP},
      </if>
      <if test="updateUser != null" >
        updateUser = #{updateUser,jdbcType=VARCHAR},
      </if>
      <if test="updateDate != null" >
        updateDate = #{updateDate,jdbcType=TIMESTAMP},
      </if>
      <if test="deleteFlag != null" >
        deleteFlag = #{deleteFlag,jdbcType=BIT},
      </if>
    </set>
    where id = #{id,jdbcType=VARCHAR}
  </update>
  <update id="updateByPrimaryKey" parameterType="com.edu.sys.bean.Notification" >
    update system_notification
    set userId = #{userId,jdbcType=VARCHAR},
      message = #{message,jdbcType=VARCHAR},
      openFlag = #{openFlag,jdbcType=BIT},
      createUser = #{createUser,jdbcType=VARCHAR},
      createDate = #{createDate,jdbcType=TIMESTAMP},
      updateUser = #{updateUser,jdbcType=VARCHAR},
      updateDate = #{updateDate,jdbcType=TIMESTAMP},
      deleteFlag = #{deleteFlag,jdbcType=BIT}
    where id = #{id,jdbcType=VARCHAR}
  </update>
  <delete id="deleteByPrimaryKeys" parameterType="java.util.List" >
    delete from system_notification where id in
    <foreach collection="list" index="index" item="id" open="(" separator="," close=")" >
      #{id,jdbcType=VARCHAR}
    </foreach>
  </delete>
  <select id="selectListColumnsByExample" parameterType="java.util.Map" resultType="java.util.Map" >
    <choose >
      <when test="interface != null and interface=='lookup'" >
        select id from system_notification where 1=1
      </when>
      <otherwise >
		select t.id, u.`name` as userId, t.message, t.openFlag, 
			t.createUser, t.createDate, t.updateUser, t.updateDate, t.deleteFlag
		from system_notification t
			LEFT JOIN system_user u ON u.id=t.userId
		where 1=1
      </otherwise>
    </choose>
    <trim >
      <if test="name != null and name!=''" >
        and name like CONCAT('%','${name}','%')
      </if>
      <if test="deleteFlag != null" >
        and deleteFlag = #{deleteFlag}
      </if>
      <if test="ids != null and ids!=''" >
        and id in 
        <foreach collection="ids" index="index" item="id" open="(" separator="," close=")" >
          #{id,jdbcType=VARCHAR}
        </foreach>
      </if>
      <if test="date_s != null and date_s!=''" >
        <![CDATA[ and DATE_FORMAT(createDate, '%Y-%m-%d') >=  DATE_FORMAT(#{date_s}, '%Y-%m-%d') ]]>
      </if>
      <if test="date_e != null and date_e!=''" >
        <![CDATA[ and DATE_FORMAT(createDate, '%Y-%m-%d') <=  DATE_FORMAT(#{date_e}, '%Y-%m-%d') ]]>
      </if>
    </trim>
    <choose >
      <when test="orderSql != null and orderSql!=''" >
        ${orderSql}
      </when>
      <otherwise >
        order by updateDate desc
      </otherwise>
    </choose>
  </select>
  <select id="selectListColumnsByInterface" parameterType="java.util.Map" resultType="java.util.Map" >
    <choose >
    	<!-- 查询最近一周的公告信息 -->
      <when test="interface != null and interface=='getOneWeekContentList'" >
		<![CDATA[
		SELECT u.`name`, t.message, t.createDate, t.updateDate
		FROM system_notification t
			LEFT JOIN system_user u ON u.id=t.userId
		where DATE_SUB(CURDATE(), INTERVAL 7 DAY) <= date(t.updateDate)
			AND t.deleteFlag=0 AND t.openFlag=1
		ORDER BY t.updateDate desc
		]]>
      </when>
      <when test="interface != null and interface=='getListByName'" >
        SELECT * FROM system_notification WHERE name like CONCAT('%','${name}','%')
      </when>
      <when test="interface != null and interface=='getListByDate'" >
        SELECT * FROM system_notification WHERE 1=1
		<![CDATA[
			and DATE_FORMAT(createDate, '%Y-%m-%d') >=  DATE_FORMAT(#{date_s}, '%Y-%m-%d')
			and DATE_FORMAT(createDate, '%Y-%m-%d') <=  DATE_FORMAT(#{date_e}, '%Y-%m-%d')
		]]>
      </when>
    </choose>
  </select>
  <select id="selectListBeanByInterface" parameterType="java.util.Map" resultType="com.edu.sys.bean.Notification" >
    <choose >
      <when test="interface != null and interface=='getEnableList'" >
        SELECT * FROM system_notification WHERE deleteFlag=0
      </when>
      <otherwise >
        SELECT * FROM system_notification WHERE 1=1
      </otherwise>
    </choose>
  </select>
</mapper>