<?xml version="1.0" encoding="UTF-8"?>
<beans xmlns="http://www.springframework.org/schema/beans"
	xmlns:xsi="http://www.w3.org/2001/XMLSchema-instance" xmlns:mvc="http://www.springframework.org/schema/mvc"
	xmlns:context="http://www.springframework.org/schema/context"
	xsi:schemaLocation="http://www.springframework.org/schema/mvc http://www.springframework.org/schema/mvc/spring-mvc-4.2.xsd
		http://www.springframework.org/schema/beans http://www.springframework.org/schema/beans/spring-beans.xsd
		http://www.springframework.org/schema/context http://www.springframework.org/schema/context/spring-context-4.2.xsd">

	<!-- Spring MVC的容器只扫描Controller相关的注解 -->
	<context:component-scan base-package="com.base,com.edu"
		use-default-filters="false">
		<context:include-filter type="annotation"
			expression="org.springframework.stereotype.Controller" />
		<context:include-filter type="annotation"
			expression="org.springframework.web.bind.annotation.ControllerAdvice" />
	</context:component-scan>

	<mvc:default-servlet-handler />

	<!-- <mvc:annotation-driven /> -->

	<!-- 会自动注册了validator  ConversionService  -->
	<!-- StringHttpMessageConverter编码为UTF-8，防止乱码 -->
    <mvc:annotation-driven>
        <mvc:message-converters register-defaults="true">
            <bean class="org.springframework.http.converter.StringHttpMessageConverter">
                <constructor-arg value="UTF-8"/>
            </bean>
            <bean class="org.springframework.http.converter.json.MappingJackson2HttpMessageConverter"/>
        </mvc:message-converters>
    </mvc:annotation-driven>

	<bean class="org.springframework.web.servlet.view.InternalResourceViewResolver">
		<!-- <property name="prefix" value="/views/"></property> -->
		<property name="prefix" value="/"></property>
		<property name="suffix" value=".jsp"></property>
	</bean>
	
   <bean id="multipartResolver" class="org.springframework.web.multipart.commons.CommonsMultipartResolver">  
        <property name="defaultEncoding" value="utf-8"></property>   
        <property name="maxUploadSize" value="10485760000"></property>  
        <property name="maxInMemorySize" value="40960"></property>  
   </bean>
   
   
    <!-- 声明DispatcherServlet不要拦截下面声明的目录   
    <mvc:resources location="/js/" mapping="/js/**" />      
    <mvc:resources location="/images/" mapping="/images/**"/>  
    <mvc:resources location="/css/" mapping="/css/**"/>  
    <mvc:resources location="/common/" mapping="/common/**"/>   --> 
</beans>
