<?xml version="1.0" encoding="UTF-8" ?>
<!DOCTYPE mapper
PUBLIC "-//mybatis.org//DTD Mapper 3.0//EN"
"http://mybatis.org/dtd/mybatis-3-mapper.dtd">
<!-- -mapper.dtd约束 -->

<!-- 命名空间，作用是对sql的分类化管理，理解为sql的隔离 但是如果使用mapper代理方法开发，namespace由其他作用 -->
<!-- 规范一namespace -->
<mapper namespace="com.ssm.mapper.UserMapper">
<!-- *********************************************************************************************************************** -->	
	<!-- 开启本mapper 二级缓存
	type:指定cache接口的实现类的类型，
	mybatis默认使用PerpetualCache要和ehcache整合 
	需要配置type为ehcache实现cache接口的类型 
	 -->
	<cache />
<!-- *********************************************************************************************************************** -->	
	<!-- 定义sql片段 方便其他statement进行引用查询
	id 唯一标识  
	一般基于单表进行定义sql片段 这样的话这个sql片段的可重用性提高
	在sql片段中不要包含where 防止多个情况的where查询
	-->
	<sql id="query_user">
			<if test="userCustom!=null">
				<if test="userCustom.sex!=null and userCustom.sex!=' '">
					and user.sex = #{userCustom.sex}
				</if>
				<if test="userCustom.username!=null and userCustom.sex!=' '">
					and user.username like '%${userCustom.username}%'
				</if>
			</if>
	</sql>
<!-- *********************************************************************************************************************** -->	
	<!-- 用户信息综合查询 #{userCustom.xxx}:取出pojo包装对象中属性...OGNL方式 <if>拼接 -->
	<select id="findUserList" parameterType="com.ssm.pojo.UserQueryVo"
		resultType="com.ssm.pojo.UserCustom">
		select * from user
		<!-- where 可以自动去掉条件中的第一个and -->
		<where>
			<!-- 引用 sql片段id 如果refid不在该mapper文件 需要添加namespace-->
			<include refid="query_user"></include>
		</where>
	</select>
<!-- *********************************************************************************************************************** -->	
	<!-- 用户信息综合查询总数 resultType 输出为count的总数 所以为简单类型int -->
	<select id="findUserCount" parameterType="com.ssm.pojo.UserQueryVo"
		resultType="int">
		select count(*) from user
		<where>
			<!-- 引用 sql片段id 如果refid不在该mapper文件 需要添加namespace-->
			<include refid="query_user"></include>
		</where>
	</select>
<!-- *********************************************************************************************************************** -->	
	<!-- 定义ResultType 将select id id2,username username2 from user 和user类中的属性作一个映射关系 
		type: resultMap最终映射的java对象类型 可以使用别名 id:对resultMap的唯一标识 -->
	<resultMap type="com.ssm.pojo.User" id="userResultMap">
		<!-- id表示查询结果集的唯一标识 column 查询出来的列名 
		property type指定的pojo的属性名 
		最终resultMap对此作一个映射关系  -->
		<id column="id2" property="id" />
		<result column="username2" property="username" />
	</resultMap>
<!-- *********************************************************************************************************************** -->		
	<!-- 使用resultMap进行输出映射 -->
	<select id="findUserByIdResultMap" parameterType="int" resultMap="userResultMap">
		select id id2,username username2 from user where id=#{value}
	</select>
<!-- *********************************************************************************************************************** -->	
	<!-- 配置映射的关联的用户信息 -->
	<!-- association 用于映射关系关联查询''单个对象''的信息
	collection 对关联查询到的‘‘多条记录’’映射到几个对象中 ofType指定映射到聚合属性中pojo的类型
	property 将要关联查询的用户信息映射到Orders中的哪个属性
	-->
	
	<!-- id :关联用户的唯一标识 1个不行用2个 
		column 指定唯一表示用户信息的列
		property 映射到User的哪个属性
		-->
		<!-- 
	<association property="user" javaType="com.ssm.pojo.User">
		<id column="user_id" property="id"/>
		<result column="username" property="username" />
	</association>
	 -->
<!-- *********************************************************************************************************************** -->	

	<!-- 在映射文件中配置很多sql语句 -->
	<!-- 通过select执行数据库的查询 id标识映射文件中的sql， 将sql语句封装到Mapped Statement对象中 ，所以称为 
		statement id #{}表示一个占位符 #{id} 其中的id表示接收输入的参数，参数名就是id，如果输入参数是简单类型，#{}中的参数名就可以任意，可以value或者其他名称 
		parameterType 指定输入参数的类型 resultType 指定sql输出结果的所映射的java对象类型，select指定的resultType表示将单条记录映射成的java对象 
		限定名称 id->value -->
	<select id="findUserById" parameterType="int" resultType="com.ssm.pojo.User">
		SELECT
		* FROM USER WHERE id=#{value}
	</select>
	
<!-- *********************************************************************************************************************** -->	
	<!-- 根据用户名称模糊查询用户信息 多条记录 resultType：指定就是单条记录所映射的java对象类型 ${} 表示拼接字符串，将接收到的参数的内容不加任何修饰地拼接在sql中 
		使用此方法拼接字符串 引起sql注入 ${value} 接收输入参数的内容，如果传入类型是简单型，${}中只能使用balue -->
	<select id="findUserByName" parameterType="java.lang.String"
		resultType="com.ssm.pojo.User">
		SELECT * FROM USER WHERE username LIKE '%${value}%'
	</select>
	
<!-- *********************************************************************************************************************** -->	

	<!-- 添加用户 注意：id主键自增不需要写 parameterType:指定输入参数类型是pojo（包括用户信息） #{}中指定pojo的属性名:接收到pojo对象的属性值，mybatis通过OGNL获取对象的属性值 
		uuid得到主键，将主键设置到user对象的id属性中 属于先前执行函数 selectkey 将插入数据的主键返回，返回到user对象中 得到刚刚插入进去记录的主键值，只适用于自增主键 
		keyproperty将查询到的主键设置到parameterType指定的对象的哪个属性 order 即相对于insert语句的执行顺序 -->
	<insert id="insertUser" parameterType="com.ssm.pojo.User">
		insert into
		user(id,username,birthday,sex,address)value(#{id},#{username},#{birthday},#{sex},#{address})
	</insert>
	
<!-- *********************************************************************************************************************** -->	
	<!-- 删除用户 -->
	<delete id="deleteUserById" parameterType="java.lang.Integer">
		delete from user where
		id=#{id}
	</delete>

<!-- *********************************************************************************************************************** -->	
	<!-- 更新用户 传入参数 用户id 更新信息 -->
	<update id="updateUser" parameterType="com.ssm.pojo.User">
		UPDATE user set
		username=#{username},birthday=#{birthday},sex=#{sex},address=#{address}
		where id=#{id}
	</update>

<!-- *********************************************************************************************************************** -->	
</mapper>
