<?xml version="1.0" encoding="UTF-8" ?>
<!DOCTYPE mapper PUBLIC "-//mybatis.org//DTD Mapper 3.0//EN" "http://mybatis.org/dtd/mybatis-3-mapper.dtd" >
<mapper namespace="com.edu.stu.atten.bean.mapper.AttendanceRecordHeadMapper" >
  <resultMap id="BaseResultMap" type="com.edu.stu.atten.bean.AttendanceRecordHead" >
    <id column="id" property="id" jdbcType="VARCHAR" />
    <result column="attDate" property="attDate" jdbcType="DATE" />
    <result column="userId" property="userId" jdbcType="VARCHAR" />
    <result column="startDate" property="startDate" jdbcType="TIMESTAMP" />
    <result column="endDate" property="endDate" jdbcType="TIMESTAMP" />
    <result column="createUser" property="createUser" jdbcType="VARCHAR" />
    <result column="createDate" property="createDate" jdbcType="TIMESTAMP" />
    <result column="updateUser" property="updateUser" jdbcType="VARCHAR" />
    <result column="updateDate" property="updateDate" jdbcType="TIMESTAMP" />
    <result column="deleteFlag" property="deleteFlag" jdbcType="BIT" />
  </resultMap>
  <sql id="Base_Column_List" >
    id, attDate, userId, startDate, endDate, createUser, createDate, updateUser, updateDate, 
    deleteFlag
  </sql>
  <select id="selectByPrimaryKey" resultMap="BaseResultMap" parameterType="java.lang.String" >
    select 
    <include refid="Base_Column_List" />
    from stu_attendance_record_head
    where id = #{id,jdbcType=VARCHAR}
  </select>
  <delete id="deleteByPrimaryKey" parameterType="java.lang.String" >
    delete from stu_attendance_record_head
    where id = #{id,jdbcType=VARCHAR}
  </delete>
  <insert id="insert" parameterType="com.edu.stu.atten.bean.AttendanceRecordHead" >
    insert into stu_attendance_record_head (id, attDate, userId, 
      startDate, endDate, createUser, 
      createDate, updateUser, updateDate, 
      deleteFlag)
    values (#{id,jdbcType=VARCHAR}, #{attDate,jdbcType=DATE}, #{userId,jdbcType=VARCHAR}, 
      #{startDate,jdbcType=TIMESTAMP}, #{endDate,jdbcType=TIMESTAMP}, #{createUser,jdbcType=VARCHAR}, 
      #{createDate,jdbcType=TIMESTAMP}, #{updateUser,jdbcType=VARCHAR}, #{updateDate,jdbcType=TIMESTAMP}, 
      #{deleteFlag,jdbcType=BIT})
  </insert>
  <insert id="insertSelective" parameterType="com.edu.stu.atten.bean.AttendanceRecordHead" >
    insert into stu_attendance_record_head
    <trim prefix="(" suffix=")" suffixOverrides="," >
      <if test="id != null" >
        id,
      </if>
      <if test="attDate != null" >
        attDate,
      </if>
      <if test="userId != null" >
        userId,
      </if>
      <if test="startDate != null" >
        startDate,
      </if>
      <if test="endDate != null" >
        endDate,
      </if>
      <if test="createUser != null" >
        createUser,
      </if>
      <if test="createDate != null" >
        createDate,
      </if>
      <if test="updateUser != null" >
        updateUser,
      </if>
      <if test="updateDate != null" >
        updateDate,
      </if>
      <if test="deleteFlag != null" >
        deleteFlag,
      </if>
    </trim>
    <trim prefix="values (" suffix=")" suffixOverrides="," >
      <if test="id != null" >
        #{id,jdbcType=VARCHAR},
      </if>
      <if test="attDate != null" >
        #{attDate,jdbcType=DATE},
      </if>
      <if test="userId != null" >
        #{userId,jdbcType=VARCHAR},
      </if>
      <if test="startDate != null" >
        #{startDate,jdbcType=TIMESTAMP},
      </if>
      <if test="endDate != null" >
        #{endDate,jdbcType=TIMESTAMP},
      </if>
      <if test="createUser != null" >
        #{createUser,jdbcType=VARCHAR},
      </if>
      <if test="createDate != null" >
        #{createDate,jdbcType=TIMESTAMP},
      </if>
      <if test="updateUser != null" >
        #{updateUser,jdbcType=VARCHAR},
      </if>
      <if test="updateDate != null" >
        #{updateDate,jdbcType=TIMESTAMP},
      </if>
      <if test="deleteFlag != null" >
        #{deleteFlag,jdbcType=BIT},
      </if>
    </trim>
  </insert>
  <update id="updateByPrimaryKeySelective" parameterType="com.edu.stu.atten.bean.AttendanceRecordHead" >
    update stu_attendance_record_head
    <set >
      <if test="attDate != null" >
        attDate = #{attDate,jdbcType=DATE},
      </if>
      <if test="userId != null" >
        userId = #{userId,jdbcType=VARCHAR},
      </if>
      <if test="startDate != null" >
        startDate = #{startDate,jdbcType=TIMESTAMP},
      </if>
      <if test="endDate != null" >
        endDate = #{endDate,jdbcType=TIMESTAMP},
      </if>
      <if test="createUser != null" >
        createUser = #{createUser,jdbcType=VARCHAR},
      </if>
      <if test="createDate != null" >
        createDate = #{createDate,jdbcType=TIMESTAMP},
      </if>
      <if test="updateUser != null" >
        updateUser = #{updateUser,jdbcType=VARCHAR},
      </if>
      <if test="updateDate != null" >
        updateDate = #{updateDate,jdbcType=TIMESTAMP},
      </if>
      <if test="deleteFlag != null" >
        deleteFlag = #{deleteFlag,jdbcType=BIT},
      </if>
    </set>
    where id = #{id,jdbcType=VARCHAR}
  </update>
  <update id="updateByPrimaryKey" parameterType="com.edu.stu.atten.bean.AttendanceRecordHead" >
    update stu_attendance_record_head
    set attDate = #{attDate,jdbcType=DATE},
      userId = #{userId,jdbcType=VARCHAR},
      startDate = #{startDate,jdbcType=TIMESTAMP},
      endDate = #{endDate,jdbcType=TIMESTAMP},
      createUser = #{createUser,jdbcType=VARCHAR},
      createDate = #{createDate,jdbcType=TIMESTAMP},
      updateUser = #{updateUser,jdbcType=VARCHAR},
      updateDate = #{updateDate,jdbcType=TIMESTAMP},
      deleteFlag = #{deleteFlag,jdbcType=BIT}
    where id = #{id,jdbcType=VARCHAR}
  </update>
  <delete id="deleteByPrimaryKeys" parameterType="java.util.List" >
    delete from stu_attendance_record_head where id in
    <foreach collection="list" index="index" item="id" open="(" separator="," close=")" >
      #{id,jdbcType=VARCHAR}
    </foreach>
  </delete>
  
  <select id="selectOne" parameterType="com.edu.stu.atten.bean.AttendanceRecordHead" resultType="com.edu.stu.atten.bean.AttendanceRecordHead" >
		select * 
		from stu_attendance_record_head t
		where 1=1 
			and t.attDate=DATE(#{attDate}) AND t.userId=#{userId}
  </select>
  
  <select id="selectListColumnsByExample" parameterType="java.util.Map" resultType="java.util.Map" >
    <choose >
      <when test="interface != null and interface=='lookup'" >
        select t.id from stu_attendance_record_head t where 1=1
      </when>
      <otherwise >
		select t.id, t.attDate, t.userId, u.`name` as userName, t.startDate, t.endDate, 
			m.`name` as majorName, c.`name` as className, c.classYear,
			t.createUser, t.createDate, t.updateUser, t.updateDate, t.deleteFlag 
		from stu_attendance_record_head t
			LEFT JOIN system_user u ON u.id=t.userId
			LEFT JOIN stu_college_class2user c2u ON c2u.userId=u.id
			LEFT JOIN stu_college_class c ON c.id=c2u.classId
			LEFT JOIN stu_college_major m ON m.id=c.majorId
		where 1=1
      </otherwise>
    </choose>
    <trim >
      <if test="user_name != null and user_name!=''" >
        and u.name like CONCAT('%','${user_name}','%')
      </if>
      <if test="majorName != null and majorName!=''" >
        and m.name like CONCAT('%','${majorName}','%')
      </if>
      <if test="className != null and className!=''" >
        and c.name like CONCAT('%','${className}','%')
      </if>
      <if test="userId != null and userId!=''" >
        and t.userId = #{userId}
      </if>
      <if test="date_s != null and date_s!=''" >
        <![CDATA[ and DATE_FORMAT(t.createDate, '%Y-%m-%d') >=  DATE_FORMAT(#{date_s}, '%Y-%m-%d') ]]>
      </if>
      <if test="date_e != null and date_e!=''" >
        <![CDATA[ and DATE_FORMAT(t.createDate, '%Y-%m-%d') <=  DATE_FORMAT(#{date_e}, '%Y-%m-%d') ]]>
      </if>
    </trim>
    <choose >
      <when test="orderSql != null and orderSql!=''" >
        ${orderSql}
      </when>
      <otherwise >
        order by t.updateDate desc, u.name asc
      </otherwise>
    </choose>
  </select>
  <select id="selectListColumnsByInterface" parameterType="java.util.Map" resultType="java.util.Map" >
    <choose >
      <when test="interface != null and interface=='getListById'" >
        SELECT * FROM stu_attendance_record_head WHERE id = #{id}
      </when>
      <when test="interface != null and interface=='getListByName'" >
        SELECT * FROM stu_attendance_record_head WHERE name like CONCAT('%','${name}','%')
      </when>
      <when test="interface != null and interface=='getListByDate'" >
        SELECT * FROM stu_attendance_record_head WHERE 1=1
		<![CDATA[
			and DATE_FORMAT(createDate, '%Y-%m-%d') >=  DATE_FORMAT(#{date_s}, '%Y-%m-%d')
			and DATE_FORMAT(createDate, '%Y-%m-%d') <=  DATE_FORMAT(#{date_e}, '%Y-%m-%d')
		]]>
      </when>
    </choose>
  </select>
  <select id="selectListBeanByInterface" parameterType="java.util.Map" resultType="com.edu.stu.atten.bean.AttendanceRecordHead" >
    <choose >
      <when test="interface != null and interface=='getEnableList'" >
        SELECT * FROM stu_attendance_record_head WHERE deleteFlag=0
      </when>
      <otherwise >
        SELECT * FROM stu_attendance_record_head WHERE 1=1
      </otherwise>
    </choose>
  </select>
</mapper>