<?xml version="1.0" encoding="UTF-8" ?>
<!DOCTYPE mapper PUBLIC "-//mybatis.org//DTD Mapper 3.0//EN" "http://mybatis.org/dtd/mybatis-3-mapper.dtd" >
<mapper namespace="com.edu.stu.course.bean.mapper.CollegeGradeMapper" >
  <resultMap id="BaseResultMap" type="com.edu.stu.course.bean.CollegeGrade" >
    <id column="id" property="id" jdbcType="VARCHAR" />
    <result column="majorId" property="majorId" jdbcType="VARCHAR" />
    <result column="userId" property="userId" jdbcType="VARCHAR" />
    <result column="courseScore" property="courseScore" jdbcType="REAL" />
    <result column="attenScore" property="attenScore" jdbcType="REAL" />
    <result column="autoGradeScore" property="autoGradeScore" jdbcType="REAL" />
    <result column="manualGradeScore" property="manualGradeScore" jdbcType="REAL" />
    <result column="hasCourseScoreFlag" property="hasCourseScoreFlag" jdbcType="BIT" />
    <result column="createUser" property="createUser" jdbcType="VARCHAR" />
    <result column="createDate" property="createDate" jdbcType="TIMESTAMP" />
    <result column="updateUser" property="updateUser" jdbcType="VARCHAR" />
    <result column="updateDate" property="updateDate" jdbcType="TIMESTAMP" />
    <result column="deleteFlag" property="deleteFlag" jdbcType="BIT" />
  </resultMap>
  <sql id="Base_Column_List" >
    id, majorId, userId, courseScore, attenScore, autoGradeScore, manualGradeScore, hasCourseScoreFlag, createUser, createDate, updateUser, 
    updateDate, deleteFlag
  </sql>
  <select id="selectByPrimaryKey" resultMap="BaseResultMap" parameterType="java.lang.String" >
    select 
    <include refid="Base_Column_List" />
    from stu_college_grade
    where id = #{id,jdbcType=VARCHAR}
  </select>
  <delete id="deleteByPrimaryKey" parameterType="java.lang.String" >
    delete from stu_college_grade
    where id = #{id,jdbcType=VARCHAR}
  </delete>
  <insert id="insert" parameterType="com.edu.stu.course.bean.CollegeGrade" >
    insert into stu_college_grade (id, majorId, userId, courseScore, attenScore, 
      autoGradeScore, manualGradeScore, hasCourseScoreFlag, createUser, 
      createDate, updateUser, updateDate, 
      deleteFlag)
    values (#{id,jdbcType=VARCHAR}, #{majorId,jdbcType=VARCHAR}, #{userId,jdbcType=VARCHAR},
      #{courseScore,jdbcType=REAL}, #{attenScore,jdbcType=REAL}, 
      #{autoGradeScore,jdbcType=REAL}, #{manualGradeScore,jdbcType=REAL},#{hasCourseScoreFlag,jdbcType=BIT}, #{createUser,jdbcType=VARCHAR}, 
      #{createDate,jdbcType=TIMESTAMP}, #{updateUser,jdbcType=VARCHAR}, #{updateDate,jdbcType=TIMESTAMP}, 
      #{deleteFlag,jdbcType=BIT})
  </insert>
  <insert id="insertSelective" parameterType="com.edu.stu.course.bean.CollegeGrade" >
    insert into stu_college_grade
    <trim prefix="(" suffix=")" suffixOverrides="," >
      <if test="id != null" >
        id,
      </if>
      <if test="majorId != null" >
        majorId,
      </if>
      <if test="userId != null" >
        userId,
      </if>
      <if test="courseScore != null" >
        courseScore,
      </if>
      <if test="attenScore != null" >
        attenScore,
      </if>
      <if test="autoGradeScore != null" >
        autoGradeScore,
      </if>
      <if test="manualGradeScore != null" >
        manualGradeScore,
      </if>
      <if test="hasCourseScoreFlag != null" >
        hasCourseScoreFlag,
      </if>
      <if test="createUser != null" >
        createUser,
      </if>
      <if test="createDate != null" >
        createDate,
      </if>
      <if test="updateUser != null" >
        updateUser,
      </if>
      <if test="updateDate != null" >
        updateDate,
      </if>
      <if test="deleteFlag != null" >
        deleteFlag,
      </if>
    </trim>
    <trim prefix="values (" suffix=")" suffixOverrides="," >
      <if test="id != null" >
        #{id,jdbcType=VARCHAR},
      </if>
      <if test="majorId != null" >
        #{majorId,jdbcType=VARCHAR},
      </if>
      <if test="userId != null" >
        #{userId,jdbcType=VARCHAR},
      </if>
      <if test="courseScore != null" >
        #{courseScore,jdbcType=REAL},
      </if>
      <if test="attenScore != null" >
        #{attenScore,jdbcType=REAL},
      </if>
      <if test="autoGradeScore != null" >
        #{autoGradeScore,jdbcType=REAL},
      </if>
      <if test="manualGradeScore != null" >
        #{manualGradeScore,jdbcType=REAL},
      </if>
      <if test="hasCourseScoreFlag != null" >
        #{hasCourseScoreFlag,jdbcType=BIT},
      </if>
      <if test="createUser != null" >
        #{createUser,jdbcType=VARCHAR},
      </if>
      <if test="createDate != null" >
        #{createDate,jdbcType=TIMESTAMP},
      </if>
      <if test="updateUser != null" >
        #{updateUser,jdbcType=VARCHAR},
      </if>
      <if test="updateDate != null" >
        #{updateDate,jdbcType=TIMESTAMP},
      </if>
      <if test="deleteFlag != null" >
        #{deleteFlag,jdbcType=BIT},
      </if>
    </trim>
  </insert>
  <update id="updateByPrimaryKeySelective" parameterType="com.edu.stu.course.bean.CollegeGrade" >
    update stu_college_grade
    <set >
      <if test="majorId != null" >
        majorId = #{majorId,jdbcType=VARCHAR},
      </if>
      <if test="userId != null" >
        userId = #{userId,jdbcType=VARCHAR},
      </if>
      <if test="courseScore != null" >
        courseScore = #{courseScore,jdbcType=REAL},
      </if>
      <if test="attenScore != null" >
        attenScore = #{attenScore,jdbcType=REAL},
      </if>
      <if test="autoGradeScore != null" >
        autoGradeScore = #{autoGradeScore,jdbcType=REAL},
      </if>
      <if test="manualGradeScore != null" >
        manualGradeScore = #{manualGradeScore,jdbcType=REAL},
      </if>
      <if test="hasCourseScoreFlag != null" >
        hasCourseScoreFlag = #{hasCourseScoreFlag,jdbcType=BIT},
      </if>
      <if test="createUser != null" >
        createUser = #{createUser,jdbcType=VARCHAR},
      </if>
      <if test="createDate != null" >
        createDate = #{createDate,jdbcType=TIMESTAMP},
      </if>
      <if test="updateUser != null" >
        updateUser = #{updateUser,jdbcType=VARCHAR},
      </if>
      <if test="updateDate != null" >
        updateDate = #{updateDate,jdbcType=TIMESTAMP},
      </if>
      <if test="deleteFlag != null" >
        deleteFlag = #{deleteFlag,jdbcType=BIT},
      </if>
    </set>
    where id = #{id,jdbcType=VARCHAR}
  </update>
  <update id="updateByPrimaryKey" parameterType="com.edu.stu.course.bean.CollegeGrade" >
    update stu_college_grade
    set majorId = #{majorId,jdbcType=VARCHAR},
      userId = #{userId,jdbcType=VARCHAR},
      courseScore = #{courseScore,jdbcType=REAL},
      attenScore = #{attenScore,jdbcType=REAL},
      autoGradeScore = #{autoGradeScore,jdbcType=REAL},
      manualGradeScore = #{manualGradeScore,jdbcType=REAL},
      hasCourseScoreFlag = #{hasCourseScoreFlag,jdbcType=BIT},
      createUser = #{createUser,jdbcType=VARCHAR},
      createDate = #{createDate,jdbcType=TIMESTAMP},
      updateUser = #{updateUser,jdbcType=VARCHAR},
      updateDate = #{updateDate,jdbcType=TIMESTAMP},
      deleteFlag = #{deleteFlag,jdbcType=BIT}
    where id = #{id,jdbcType=VARCHAR}
  </update>
  <delete id="deleteByPrimaryKeys" parameterType="java.util.List" >
    delete from stu_college_grade where id in
    <foreach collection="list" index="index" item="id" open="(" separator="," close=")" >
      #{id,jdbcType=VARCHAR}
    </foreach>
  </delete>
  <select id="selectListColumnsByExample" parameterType="java.util.Map" resultType="java.util.Map" >
    <choose >
      <when test="interface != null and interface=='lookup'" >
        select id from stu_college_grade where 1=1
      </when>
      <otherwise >
		select t.id, t.userId, u.code, u.`name` as userName, c.classYear, c.`name` as className, m.`name` as majorName,
		t.courseScore, t.attenScore, (t.courseScore+t.attenScore) as autoGradeScore, t.manualGradeScore, t.hasCourseScoreFlag,
		t.createUser, t.createDate, t.updateUser, t.updateDate, t.deleteFlag
		from stu_college_grade t
			LEFT JOIN system_user u ON u.id=t.userId
			LEFT JOIN stu_college_class2user c2u ON u.id=c2u.userId
			LEFT JOIN stu_college_class c ON c.id=c2u.classId
			LEFT JOIN stu_college_major m ON m.id=c.majorId
		where 1=1
      </otherwise>
    </choose>
    <trim >
      <if test="userId != null and userId !=''" >
        and u.id = #{userId}
      </if>
      <if test="name != null and name!=''" >
        and u.name like CONCAT('%','${name}','%')
      </if>
      <if test="deleteFlag != null" >
        and t.deleteFlag = #{deleteFlag}
      </if>
      <if test="date_s != null and date_s!=''" >
        <![CDATA[ and DATE_FORMAT(t.createDate, '%Y-%m-%d') >=  DATE_FORMAT(#{date_s}, '%Y-%m-%d') ]]>
      </if>
      <if test="date_e != null and date_e!=''" >
        <![CDATA[ and DATE_FORMAT(t.createDate, '%Y-%m-%d') <=  DATE_FORMAT(#{date_e}, '%Y-%m-%d') ]]>
      </if>
    </trim>
    <choose >
      <when test="orderSql != null and orderSql!=''" >
        ${orderSql}
      </when>
      <otherwise >
        order by t.updateDate desc
      </otherwise>
    </choose>
  </select>
  <select id="selectListColumnsByInterface" parameterType="java.util.Map" resultType="java.util.Map" >
    <choose >
      <when test="interface != null and interface=='getListById'" >
        SELECT * FROM stu_college_grade WHERE id = #{id}
      </when>
      <when test="interface != null and interface=='getListByName'" >
        SELECT * FROM stu_college_grade WHERE name like CONCAT('%','${name}','%')
      </when>
      <when test="interface != null and interface=='getListByDate'" >
        SELECT * FROM stu_college_grade WHERE 1=1
		<![CDATA[
			and DATE_FORMAT(createDate, '%Y-%m-%d') >=  DATE_FORMAT(#{date_s}, '%Y-%m-%d')
			and DATE_FORMAT(createDate, '%Y-%m-%d') <=  DATE_FORMAT(#{date_e}, '%Y-%m-%d')
		]]>
      </when>
    </choose>
  </select>
  <select id="selectListBeanByInterface" parameterType="java.util.Map" resultType="com.edu.stu.course.bean.CollegeGrade" >
    <choose >
      <when test="interface != null and interface=='getEnableList'" >
        SELECT * FROM stu_college_grade WHERE deleteFlag=0
      </when>
      <otherwise >
        SELECT * FROM stu_college_grade WHERE 1=1
      </otherwise>
    </choose>
  </select>
</mapper>