<?xml version="1.0" encoding="UTF-8" ?>
<!DOCTYPE mapper PUBLIC "-//mybatis.org//DTD Mapper 3.0//EN" "http://mybatis.org/dtd/mybatis-3-mapper.dtd" >
<mapper namespace="com.edu.stu.course.bean.mapper.CollegeGradeUser2courseMapper" >
  <resultMap id="BaseResultMap" type="com.edu.stu.course.bean.CollegeGradeUser2course" >
    <id column="id" property="id" jdbcType="VARCHAR" />
    <result column="userId" property="userId" jdbcType="VARCHAR" />
    <result column="majorId" property="majorId" jdbcType="VARCHAR" />
    <result column="courseId" property="courseId" jdbcType="VARCHAR" />
    <result column="score" property="score" jdbcType="REAL" />
    <result column="createUser" property="createUser" jdbcType="VARCHAR" />
    <result column="createDate" property="createDate" jdbcType="TIMESTAMP" />
    <result column="updateUser" property="updateUser" jdbcType="VARCHAR" />
    <result column="updateDate" property="updateDate" jdbcType="TIMESTAMP" />
    <result column="deleteFlag" property="deleteFlag" jdbcType="BIT" />
  </resultMap>
  <sql id="Base_Column_List" >
    id, userId, majorId, courseId, score, createUser, createDate, updateUser, updateDate, 
    deleteFlag
  </sql>
  <select id="selectByPrimaryKey" resultMap="BaseResultMap" parameterType="java.lang.String" >
    select 
    <include refid="Base_Column_List" />
    from stu_college_grade_user2course
    where id = #{id,jdbcType=VARCHAR}
  </select>
  <delete id="deleteByPrimaryKey" parameterType="java.lang.String" >
    delete from stu_college_grade_user2course
    where id = #{id,jdbcType=VARCHAR}
  </delete>
  <insert id="insert" parameterType="com.edu.stu.course.bean.CollegeGradeUser2course" >
    insert into stu_college_grade_user2course (id, userId, majorId, 
      courseId, score, createUser, 
      createDate, updateUser, updateDate, 
      deleteFlag)
    values (#{id,jdbcType=VARCHAR}, #{userId,jdbcType=VARCHAR}, #{majorId,jdbcType=VARCHAR}, 
      #{courseId,jdbcType=VARCHAR}, #{score,jdbcType=REAL}, #{createUser,jdbcType=VARCHAR}, 
      #{createDate,jdbcType=TIMESTAMP}, #{updateUser,jdbcType=VARCHAR}, #{updateDate,jdbcType=TIMESTAMP}, 
      #{deleteFlag,jdbcType=BIT})
  </insert>
  <insert id="insertSelective" parameterType="com.edu.stu.course.bean.CollegeGradeUser2course" >
    insert into stu_college_grade_user2course
    <trim prefix="(" suffix=")" suffixOverrides="," >
      <if test="id != null" >
        id,
      </if>
      <if test="userId != null" >
        userId,
      </if>
      <if test="majorId != null" >
        majorId,
      </if>
      <if test="courseId != null" >
        courseId,
      </if>
      <if test="score != null" >
        score,
      </if>
      <if test="createUser != null" >
        createUser,
      </if>
      <if test="createDate != null" >
        createDate,
      </if>
      <if test="updateUser != null" >
        updateUser,
      </if>
      <if test="updateDate != null" >
        updateDate,
      </if>
      <if test="deleteFlag != null" >
        deleteFlag,
      </if>
    </trim>
    <trim prefix="values (" suffix=")" suffixOverrides="," >
      <if test="id != null" >
        #{id,jdbcType=VARCHAR},
      </if>
      <if test="userId != null" >
        #{userId,jdbcType=VARCHAR},
      </if>
      <if test="majorId != null" >
        #{majorId,jdbcType=VARCHAR},
      </if>
      <if test="courseId != null" >
        #{courseId,jdbcType=VARCHAR},
      </if>
      <if test="score != null" >
        #{score,jdbcType=REAL},
      </if>
      <if test="createUser != null" >
        #{createUser,jdbcType=VARCHAR},
      </if>
      <if test="createDate != null" >
        #{createDate,jdbcType=TIMESTAMP},
      </if>
      <if test="updateUser != null" >
        #{updateUser,jdbcType=VARCHAR},
      </if>
      <if test="updateDate != null" >
        #{updateDate,jdbcType=TIMESTAMP},
      </if>
      <if test="deleteFlag != null" >
        #{deleteFlag,jdbcType=BIT},
      </if>
    </trim>
  </insert>
  <update id="updateByPrimaryKeySelective" parameterType="com.edu.stu.course.bean.CollegeGradeUser2course" >
    update stu_college_grade_user2course
    <set >
      <if test="userId != null" >
        userId = #{userId,jdbcType=VARCHAR},
      </if>
      <if test="majorId != null" >
        majorId = #{majorId,jdbcType=VARCHAR},
      </if>
      <if test="courseId != null" >
        courseId = #{courseId,jdbcType=VARCHAR},
      </if>
      <if test="score != null" >
        score = #{score,jdbcType=REAL},
      </if>
      <if test="createUser != null" >
        createUser = #{createUser,jdbcType=VARCHAR},
      </if>
      <if test="createDate != null" >
        createDate = #{createDate,jdbcType=TIMESTAMP},
      </if>
      <if test="updateUser != null" >
        updateUser = #{updateUser,jdbcType=VARCHAR},
      </if>
      <if test="updateDate != null" >
        updateDate = #{updateDate,jdbcType=TIMESTAMP},
      </if>
      <if test="deleteFlag != null" >
        deleteFlag = #{deleteFlag,jdbcType=BIT},
      </if>
    </set>
    where id = #{id,jdbcType=VARCHAR}
  </update>
  
  <update id="updateByPrimaryKey" parameterType="com.edu.stu.course.bean.CollegeGradeUser2course" >
    update stu_college_grade_user2course
    set userId = #{userId,jdbcType=VARCHAR},
      majorId = #{majorId,jdbcType=VARCHAR},
      courseId = #{courseId,jdbcType=VARCHAR},
      score = #{score,jdbcType=REAL},
      createUser = #{createUser,jdbcType=VARCHAR},
      createDate = #{createDate,jdbcType=TIMESTAMP},
      updateUser = #{updateUser,jdbcType=VARCHAR},
      updateDate = #{updateDate,jdbcType=TIMESTAMP},
      deleteFlag = #{deleteFlag,jdbcType=BIT}
    where id = #{id,jdbcType=VARCHAR}
  </update>
  
  <!-- 根据userId，courseId更新分数 {userId,courseId,score,updateUser,updateDate}-->
  <update id="updateCourseScore" parameterType="com.edu.stu.course.bean.CollegeGradeUser2course" >
    update stu_college_grade_user2course
    <set >
      <if test="score != null" >
        score = #{score,jdbcType=REAL},
      </if>
      <if test="updateUser != null" >
        updateUser = #{updateUser,jdbcType=VARCHAR},
      </if>
      <if test="updateDate != null" >
        updateDate = #{updateDate,jdbcType=TIMESTAMP},
      </if>
    </set>
    where userId = #{userId,jdbcType=VARCHAR} and courseId = #{courseId,jdbcType=VARCHAR}
  </update>
  
  <delete id="deleteByPrimaryKeys" parameterType="java.util.List" >
    delete from stu_college_grade_user2course where id in
    <foreach collection="list" index="index" item="id" open="(" separator="," close=")" >
      #{id,jdbcType=VARCHAR}
    </foreach>
  </delete>
  <select id="selectListColumnsByExample" parameterType="java.util.Map" resultType="java.util.Map" >
    <choose >
      <when test="interface != null and interface=='lookup'" >
        select id from stu_college_grade_user2course where 1=1
      </when>
      <otherwise >
        select <include refid="Base_Column_List" /> from stu_college_grade_user2course where 1=1
      </otherwise>
    </choose>
    <trim >
      <if test="name != null and name!=''" >
        and name like CONCAT('%','${name}','%')
      </if>
      <if test="deleteFlag != null" >
        and deleteFlag = #{deleteFlag}
      </if>
      <if test="ids != null and ids!=''" >
        and id in 
        <foreach collection="ids" index="index" item="id" open="(" separator="," close=")" >
          #{id,jdbcType=VARCHAR}
        </foreach>
      </if>
      <if test="date_s != null and date_s!=''" >
        <![CDATA[ and DATE_FORMAT(createDate, '%Y-%m-%d') >=  DATE_FORMAT(#{date_s}, '%Y-%m-%d') ]]>
      </if>
      <if test="date_e != null and date_e!=''" >
        <![CDATA[ and DATE_FORMAT(createDate, '%Y-%m-%d') <=  DATE_FORMAT(#{date_e}, '%Y-%m-%d') ]]>
      </if>
    </trim>
    <choose >
      <when test="orderSql != null and orderSql!=''" >
        ${orderSql}
      </when>
      <otherwise >
        order by updateDate desc
      </otherwise>
    </choose>
  </select>
  <select id="selectListColumnsByInterface" parameterType="java.util.Map" resultType="java.util.Map" >
    <choose >
      <when test="interface != null and interface=='getListById'" >
        SELECT * FROM stu_college_grade_user2course WHERE id = #{id}
      </when>
      <when test="interface != null and interface=='getListByName'" >
        SELECT * FROM stu_college_grade_user2course WHERE name like CONCAT('%','${name}','%')
      </when>
      <when test="interface != null and interface=='getListByDate'" >
        SELECT * FROM stu_college_grade_user2course WHERE 1=1
		<![CDATA[
			and DATE_FORMAT(createDate, '%Y-%m-%d') >=  DATE_FORMAT(#{date_s}, '%Y-%m-%d')
			and DATE_FORMAT(createDate, '%Y-%m-%d') <=  DATE_FORMAT(#{date_e}, '%Y-%m-%d')
		]]>
      </when>
    </choose>
  </select>
  <select id="selectListBeanByInterface" parameterType="java.util.Map" resultType="com.edu.stu.course.bean.CollegeGradeUser2course" >
    <choose >
      <when test="interface != null and interface=='getEnableList'" >
        SELECT * FROM stu_college_grade_user2course WHERE deleteFlag=0
      </when>
      <otherwise >
        SELECT * FROM stu_college_grade_user2course WHERE 1=1
      </otherwise>
    </choose>
  </select>
</mapper>