<?xml version="1.0" encoding="UTF-8"?>
<!DOCTYPE mapper PUBLIC "-//mybatis.org//DTD Mapper 3.0//EN" "http://mybatis.org/dtd/mybatis-3-mapper.dtd">
<mapper namespace="com.edu.stu.project.bean.mapper.ProjectFileMapper">
  <resultMap id="BaseResultMap" type="com.edu.stu.project.bean.ProjectFile">
    <id column="id" jdbcType="VARCHAR" property="id" />
    <result column="userId" jdbcType="VARCHAR" property="userId" />
    <result column="fileName" jdbcType="VARCHAR" property="fileName" />
    <result column="fileUrl" jdbcType="VARCHAR" property="fileUrl" />
    <result column="createUser" jdbcType="VARCHAR" property="createUser" />
    <result column="createDate" jdbcType="TIMESTAMP" property="createDate" />
    <result column="updateUser" jdbcType="VARCHAR" property="updateUser" />
    <result column="updateDate" jdbcType="TIMESTAMP" property="updateDate" />
    <result column="deleteFlag" jdbcType="BIT" property="deleteFlag" />
  </resultMap>
  <sql id="Base_Column_List">
    id, userId, fileName, fileUrl, createUser, createDate, updateUser, updateDate, deleteFlag
  </sql>
  <select id="selectByPrimaryKey" parameterType="java.lang.String" resultMap="BaseResultMap">
    select 
    <include refid="Base_Column_List" />
    from stu_project_file
    where id = #{id,jdbcType=VARCHAR}
  </select>
  <delete id="deleteByPrimaryKey" parameterType="java.lang.String">
    delete from stu_project_file
    where id = #{id,jdbcType=VARCHAR}
  </delete>
  <insert id="insert" parameterType="com.edu.stu.project.bean.ProjectFile">
    insert into stu_project_file (id, userId, fileName, 
      fileUrl, createUser, createDate, 
      updateUser, updateDate, deleteFlag
      )
    values (#{id,jdbcType=VARCHAR}, #{userId,jdbcType=VARCHAR}, #{fileName,jdbcType=VARCHAR}, 
      #{fileUrl,jdbcType=VARCHAR}, #{createUser,jdbcType=VARCHAR}, #{createDate,jdbcType=TIMESTAMP}, 
      #{updateUser,jdbcType=VARCHAR}, #{updateDate,jdbcType=TIMESTAMP}, #{deleteFlag,jdbcType=BIT}
      )
  </insert>
  <insert id="insertSelective" parameterType="com.edu.stu.project.bean.ProjectFile">
    insert into stu_project_file
    <trim prefix="(" suffix=")" suffixOverrides=",">
      <if test="id != null">
        id,
      </if>
      <if test="userId != null">
        userId,
      </if>
      <if test="fileName != null">
        fileName,
      </if>
      <if test="fileUrl != null">
        fileUrl,
      </if>
      <if test="createUser != null">
        createUser,
      </if>
      <if test="createDate != null">
        createDate,
      </if>
      <if test="updateUser != null">
        updateUser,
      </if>
      <if test="updateDate != null">
        updateDate,
      </if>
      <if test="deleteFlag != null">
        deleteFlag,
      </if>
    </trim>
    <trim prefix="values (" suffix=")" suffixOverrides=",">
      <if test="id != null">
        #{id,jdbcType=VARCHAR},
      </if>
      <if test="userId != null">
        #{userId,jdbcType=VARCHAR},
      </if>
      <if test="fileName != null">
        #{fileName,jdbcType=VARCHAR},
      </if>
      <if test="fileUrl != null">
        #{fileUrl,jdbcType=VARCHAR},
      </if>
      <if test="createUser != null">
        #{createUser,jdbcType=VARCHAR},
      </if>
      <if test="createDate != null">
        #{createDate,jdbcType=TIMESTAMP},
      </if>
      <if test="updateUser != null">
        #{updateUser,jdbcType=VARCHAR},
      </if>
      <if test="updateDate != null">
        #{updateDate,jdbcType=TIMESTAMP},
      </if>
      <if test="deleteFlag != null">
        #{deleteFlag,jdbcType=BIT},
      </if>
    </trim>
  </insert>
  <update id="updateByPrimaryKeySelective" parameterType="com.edu.stu.project.bean.ProjectFile">
    update stu_project_file
    <set>
      <if test="userId != null">
        userId = #{userId,jdbcType=VARCHAR},
      </if>
      <if test="fileName != null">
        fileName = #{fileName,jdbcType=VARCHAR},
      </if>
      <if test="fileUrl != null">
        fileUrl = #{fileUrl,jdbcType=VARCHAR},
      </if>
      <if test="createUser != null">
        createUser = #{createUser,jdbcType=VARCHAR},
      </if>
      <if test="createDate != null">
        createDate = #{createDate,jdbcType=TIMESTAMP},
      </if>
      <if test="updateUser != null">
        updateUser = #{updateUser,jdbcType=VARCHAR},
      </if>
      <if test="updateDate != null">
        updateDate = #{updateDate,jdbcType=TIMESTAMP},
      </if>
      <if test="deleteFlag != null">
        deleteFlag = #{deleteFlag,jdbcType=BIT},
      </if>
    </set>
    where id = #{id,jdbcType=VARCHAR}
  </update>
  <update id="updateByPrimaryKey" parameterType="com.edu.stu.project.bean.ProjectFile">
    update stu_project_file
    set userId = #{userId,jdbcType=VARCHAR},
      fileName = #{fileName,jdbcType=VARCHAR},
      fileUrl = #{fileUrl,jdbcType=VARCHAR},
      createUser = #{createUser,jdbcType=VARCHAR},
      createDate = #{createDate,jdbcType=TIMESTAMP},
      updateUser = #{updateUser,jdbcType=VARCHAR},
      updateDate = #{updateDate,jdbcType=TIMESTAMP},
      deleteFlag = #{deleteFlag,jdbcType=BIT}
    where id = #{id,jdbcType=VARCHAR}
  </update>
  <delete id="deleteByPrimaryKeys" parameterType="java.util.List">
    delete from stu_project_file where id in
    <foreach close=")" collection="list" index="index" item="id" open="(" separator=",">
      #{id,jdbcType=VARCHAR}
    </foreach>
  </delete>
  <select id="selectListColumnsByExample" parameterType="java.util.Map" resultType="java.util.Map">
    <choose>
      <when test="interface != null and interface=='lookup'">
        select id from stu_project_file where 1=1
      </when>
      <otherwise>
        select <include refid="Base_Column_List" /> from stu_project_file where 1=1
      </otherwise>
    </choose>
    <trim>
      <if test="name != null and name!=''">
        and name like CONCAT('%','${name}','%')
      </if>
      <if test="deleteFlag != null">
        and deleteFlag = #{deleteFlag}
      </if>
      <if test="ids != null and ids!=''">
        and id in 
        <foreach close=")" collection="ids" index="index" item="id" open="(" separator=",">
          #{id,jdbcType=VARCHAR}
        </foreach>
      </if>
      <if test="date_s != null and date_s!=''">
        <![CDATA[ and DATE_FORMAT(createDate, '%Y-%m-%d') >=  DATE_FORMAT(#{date_s}, '%Y-%m-%d') ]]>
      </if>
      <if test="date_e != null and date_e!=''">
        <![CDATA[ and DATE_FORMAT(createDate, '%Y-%m-%d') <=  DATE_FORMAT(#{date_e}, '%Y-%m-%d') ]]>
      </if>
    </trim>
    <choose>
      <when test="orderSql != null and orderSql!=''">
        ${orderSql}
      </when>
      <otherwise>
        order by updateDate desc
      </otherwise>
    </choose>
  </select>
  <select id="selectListColumnsByInterface" parameterType="java.util.Map" resultType="java.util.Map">
    <choose>
      <when test="interface != null and interface=='getListById'">
        SELECT * FROM stu_project_file WHERE id = #{id}
      </when>
      <when test="interface != null and interface=='getListByName'">
        SELECT * FROM stu_project_file WHERE name like CONCAT('%','${name}','%')
      </when>
      <when test="interface != null and interface=='getListByDate'">
        SELECT * FROM stu_project_file WHERE 1=1
		<![CDATA[
			and DATE_FORMAT(createDate, '%Y-%m-%d') >=  DATE_FORMAT(#{date_s}, '%Y-%m-%d')
			and DATE_FORMAT(createDate, '%Y-%m-%d') <=  DATE_FORMAT(#{date_e}, '%Y-%m-%d')
		]]>
      </when>
    </choose>
  </select>
  <select id="selectListBeanByInterface" parameterType="java.util.Map" resultType="com.edu.stu.project.bean.ProjectFile">
    <choose>
      <when test="interface != null and interface=='getEnableList'">
        SELECT * FROM stu_project_file WHERE deleteFlag=0
      </when>
      <otherwise>
        SELECT * FROM stu_project_file WHERE 1=1
      </otherwise>
    </choose>
  </select>
</mapper>